id,type,name
the international business center of Dodoma,Entity,the international business center of Dodoma
CaymanIslands,Entity,CaymanIslands
Hanoi,Entity,Hanoi
the international business center of Perth,Entity,the international business center of Perth
Sydney,Entity,Sydney
UnitedStatesOfAmerica,Entity,UnitedStatesOfAmerica
the international business center of San Salvador,Entity,the international business center of San Salvador
Gift_City,Entity,Gift_City
Bologna,Entity,Bologna
Uganda,Entity,Uganda
Tbilisi,Entity,Tbilisi
Curacao,Entity,Curacao
Fiac,Entity,Fiac
Bucharest,Entity,Bucharest
"the FpML business center code for San Salvador, El Salvador",Entity,"the FpML business center code for San Salvador, El Salvador"
Ghana,Entity,Ghana
KRSE,Entity,KRSE
Macau,Entity,Macau
"the FpML business center code for St. Helier, Channel Islands, Jersey",Entity,"the FpML business center code for St. Helier, Channel Islands, Jersey"
USCR,Entity,USCR
Bedminster,Entity,Bedminster
Ho_Chi_Minh_City,Entity,Ho_Chi_Minh_City
Port Vila,Entity,Port Vila
Mexico,Entity,Mexico
"the FpML business center code for Stockholm, Sweden",Entity,"the FpML business center code for Stockholm, Sweden"
the international business center of Vientiane,Entity,the international business center of Vientiane
"the FpML business center code for Winnipeg, Canada",Entity,"the FpML business center code for Winnipeg, Canada"
Tegucigalpa,Entity,Tegucigalpa
Saint Petersburg,Entity,Saint Petersburg
Georgia,Entity,Georgia
Labuan,Entity,Labuan
Finland,Entity,Finland
"BusinessCentersIndividuals.rdf version of this ontology was modified to use the Commons Ontology Library (Commons) rather than the OMG's Languages, Countries and Codes (LCC) and to eliminate redundancies in FIBO as appropriate.",Entity,"BusinessCentersIndividuals.rdf version of this ontology was modified to use the Commons Ontology Library (Commons) rather than the OMG's Languages, Countries and Codes (LCC) and to eliminate redundancies in FIBO as appropriate."
Montevideo,Entity,Montevideo
Lilongwe,Entity,Lilongwe
GETB,Entity,GETB
HongKong,Entity,HongKong
Teheran,Entity,Teheran
San_Pedro_Sula,Entity,San_Pedro_Sula
the FpML business center code for U.S. Government Securities Business Day (as defined in 2006 ISDA Definitions Section 1.11 and 2000 ISDA Definitions Section 1.11),Entity,the FpML business center code for U.S. Government Securities Business Day (as defined in 2006 ISDA Definitions Section 1.11 and 2000 ISDA Definitions Section 1.11)
Grindsted,Entity,Grindsted
"the FpML business center code for Taipei, Taiwan",Entity,"the FpML business center code for Taipei, Taiwan"
Serbia,Entity,Serbia
the international business center of Minneapolis,Entity,the international business center of Minneapolis
"the FpML business center code for Vientiane, Laos",Entity,"the FpML business center code for Vientiane, Laos"
PELI,Entity,PELI
VECA,Entity,VECA
Charlotte,Entity,Charlotte
"the FpML business center code for Mexico City, Mexico",Entity,"the FpML business center code for Mexico City, Mexico"
Bulgaria,Entity,Bulgaria
Bangalore,Entity,Bangalore
Ho Chi Minh (formerly Saigon),Entity,Ho Chi Minh (formerly Saigon)
Uruguay,Entity,Uruguay
"the FpML business center code for Mainz, Germany",Entity,"the FpML business center code for Mainz, Germany"
"the FpML business center code for Abuja, Nigeria",Entity,"the FpML business center code for Abuja, Nigeria"
"the FpML business center code for New York, United States",Entity,"the FpML business center code for New York, United States"
Cluj Napoca,Entity,Cluj Napoca
the international business center of Brasilia,Entity,the international business center of Brasilia
Tokyo,Entity,Tokyo
"the FpML business center code for Mumbai, India",Entity,"the FpML business center code for Mumbai, India"
"Copyright (c) 2020-2022 agnos.ai, UK Ltd.",Entity,"Copyright (c) 2020-2022 agnos.ai, UK Ltd."
"the FpML business center code for London, United Kingdom",Entity,"the FpML business center code for London, United Kingdom"
PLWA,Entity,PLWA
Buenos_Aires,Entity,Buenos_Aires
Bratislava,Entity,Bratislava
Mongolia,Entity,Mongolia
"the FpML business center code for Houston, United States",Entity,"the FpML business center code for Houston, United States"
the international business center of Nicosia,Entity,the international business center of Nicosia
Kazakhstan,Entity,Kazakhstan
USGS,Entity,USGS
Sudan,Entity,Sudan
"the FpML business center code for Labuan, Malaysia",Entity,"the FpML business center code for Labuan, Malaysia"
Japan,Entity,Japan
the international business center of Stockholm,Entity,the international business center of Stockholm
Astana,Entity,Astana
Dusseldorf,Entity,Dusseldorf
Douala,Entity,Douala
Amsterdam,Entity,Amsterdam
"the FpML business center code for Vienna, Austria",Entity,"the FpML business center code for Vienna, Austria"
the international business center of Manila,Entity,the international business center of Manila
Yaounde,Entity,Yaounde
Nizhniy_Novgorod,Entity,Nizhniy_Novgorod
the international business center of Kolkata,Entity,the international business center of Kolkata
UGKA,Entity,UGKA
the international business center of Wellington,Entity,the international business center of Wellington
Malawi,Entity,Malawi
Luzern,Entity,Luzern
"the FpML business center code for Jeddah, Saudi Arabia",Entity,"the FpML business center code for Jeddah, Saudi Arabia"
AUSY,Entity,AUSY
Unterschleisshem,Entity,Unterschleisshem
NOOS,Entity,NOOS
Jerusalem,Entity,Jerusalem
Nagoya,Entity,Nagoya
"the FpML business center code for Ankara, Turkey",Entity,"the FpML business center code for Ankara, Turkey"
Vientiane,Entity,Vientiane
Moscow,Entity,Moscow
Gandhinagar,Entity,Gandhinagar
Winter Park,Entity,Winter Park
the international business center of Johannesburg,Entity,the international business center of Johannesburg
BRBR,Entity,BRBR
Abu Dhabi settlement day,Entity,Abu Dhabi settlement day
"the FpML business center code for Maputo, Mozambique",Entity,"the FpML business center code for Maputo, Mozambique"
Vilnius,Entity,Vilnius
LBBE,Entity,LBBE
Osaka,Entity,Osaka
"the FpML business center code for Calgary, Canada",Entity,"the FpML business center code for Calgary, Canada"
CHGE,Entity,CHGE
Oslo,Entity,Oslo
Port_Vila,Entity,Port_Vila
COBO,Entity,COBO
"the FpML business center code for Wellington, New Zealand",Entity,"the FpML business center code for Wellington, New Zealand"
Aylesbury,Entity,Aylesbury
"the FpML business center code for Shanghai, China",Entity,"the FpML business center code for Shanghai, China"
the international business center of Toronto,Entity,the international business center of Toronto
ROBU,Entity,ROBU
Abu Dhabi,Entity,Abu Dhabi
Lao,Entity,Lao
Guatemala_City,Entity,Guatemala_City
Dublin,Entity,Dublin
USPO,Entity,USPO
the business day adjustment convention for the TARGET (euro 'Business Center'),Entity,the business day adjustment convention for the TARGET (euro 'Business Center')
Ethiopia,Entity,Ethiopia
Paraguay,Entity,Paraguay
Bermuda,Entity,Bermuda
the international business center of Panama City,Entity,the international business center of Panama City
UZTA,Entity,UZTA
SEST,Entity,SEST
CHBA,Entity,CHBA
the international business center of Helsinki,Entity,the international business center of Helsinki
USHL,Entity,USHL
Portugal,Entity,Portugal
"the FpML business center code for Kingston, Jamaica",Entity,"the FpML business center code for Kingston, Jamaica"
Cologne,Entity,Cologne
SaintVincentAndTheGrenadines,Entity,SaintVincentAndTheGrenadines
the international business center of Port Louis,Entity,the international business center of Port Louis
Chile,Entity,Chile
Samara,Entity,Samara
"the FpML business center code for Brasilia, Brazil",Entity,"the FpML business center code for Brasilia, Brazil"
Prague,Entity,Prague
"the FpML business center code for Toronto, Canada",Entity,"the FpML business center code for Toronto, Canada"
BBBR,Entity,BBBR
AEDU,Entity,AEDU
Malaysia,Entity,Malaysia
Schwerin,Entity,Schwerin
Dhaka,Entity,Dhaka
the international business center of San Francisco,Entity,the international business center of San Francisco
BusinessCentersIndividuals.rdf version of this ontology was modified to update the business centers per the latest revision of the municipalities per the December 2024 ISO 10383 MIC code update from ISO.,Entity,BusinessCentersIndividuals.rdf version of this ontology was modified to update the business centers per the latest revision of the municipalities per the December 2024 ISO 10383 MIC code update from ISO.
Abidjan,Entity,Abidjan
"the FpML business center code for Brussels, Belgium",Entity,"the FpML business center code for Brussels, Belgium"
Morocco,Entity,Morocco
"the FpML business center code for Tallinn, Estonia",Entity,"the FpML business center code for Tallinn, Estonia"
Tallinn,Entity,Tallinn
Seattle,Entity,Seattle
"Bryanston, Sandton",Entity,"Bryanston, Sandton"
Kuala Lumpur,Entity,Kuala Lumpur
OMMU,Entity,OMMU
Riyadh,Entity,Riyadh
Belgium,Entity,Belgium
BRSP,Entity,BRSP
Houston,Entity,Houston
"the FpML business center code for George Town, Cayman Islands",Entity,"the FpML business center code for George Town, Cayman Islands"
Reggio Emilia,Entity,Reggio Emilia
AEAB,Entity,AEAB
BEBR,Entity,BEBR
the international business center of Rotterdam,Entity,the international business center of Rotterdam
"the FpML business center code for Manila, Philippines",Entity,"the FpML business center code for Manila, Philippines"
Utrecht,Entity,Utrecht
"the FpML business center code for Hyderabad, India",Entity,"the FpML business center code for Hyderabad, India"
the international business center of Aden,Entity,the international business center of Aden
the international business center of Jerusalem,Entity,the international business center of Jerusalem
PKKA,Entity,PKKA
BHMA,Entity,BHMA
"the FpML business center code for Tashkent, Uzbekistan",Entity,"the FpML business center code for Tashkent, Uzbekistan"
Dar_es_Salaam,Entity,Dar_es_Salaam
Phnom Penh,Entity,Phnom Penh
Wilmington,Entity,Wilmington
QADO,Entity,QADO
"Copyright (c) 2023-2024 Federated Knowledge, LLC",Entity,"Copyright (c) 2023-2024 Federated Knowledge, LLC"
Aalborg,Entity,Aalborg
SKBR,Entity,SKBR
Zimbabwe,Entity,Zimbabwe
the international business center of Bangkok,Entity,the international business center of Bangkok
Kongsvinger,Entity,Kongsvinger
BMHA,Entity,BMHA
BGSO,Entity,BGSO
MACA,Entity,MACA
S-hertogenbosch,Entity,S-hertogenbosch
"the FpML business center code for Lagos, Nigeria",Entity,"the FpML business center code for Lagos, Nigeria"
MCMO,Entity,MCMO
USMB,Entity,USMB
BusinessCentersIndividuals.rdf version of this ontology was modified to update the business centers per the latest revision of the FpML business centers (November 2022) and latest municipalities per the June 2023 ISO 10383 MIC code update from ISO.,Entity,BusinessCentersIndividuals.rdf version of this ontology was modified to update the business centers per the latest revision of the FpML business centers (November 2022) and latest municipalities per the June 2023 ISO 10383 MIC code update from ISO.
Bangkok,Entity,Bangkok
"the FpML business center code for Ljubljana, Slovenia",Entity,"the FpML business center code for Ljubljana, Slovenia"
the international business center of Los Angeles,Entity,the international business center of Los Angeles
the international business center of Freetown,Entity,the international business center of Freetown
Lusaka,Entity,Lusaka
Managua,Entity,Managua
Hannover,Entity,Hannover
Novosibirsk,Entity,Novosibirsk
IEDU,Entity,IEDU
"the FpML business center code for Santo Domingo, Dominican Republic",Entity,"the FpML business center code for Santo Domingo, Dominican Republic"
Santo Domingo,Entity,Santo Domingo
Suva,Entity,Suva
Budaors,Entity,Budaors
Mbabane,Entity,Mbabane
Miami,Entity,Miami
La Paz,Entity,La Paz
Dubai,Entity,Dubai
Poland,Entity,Poland
the international business center of Bucharest,Entity,the international business center of Bucharest
"the FpML business center code for Los Angeles, United States",Entity,"the FpML business center code for Los Angeles, United States"
"the FpML business center code for Zagreb, Republic of Croatia",Entity,"the FpML business center code for Zagreb, Republic of Croatia"
Algeria,Entity,Algeria
"the FpML business center code for Auckland, New Zealand",Entity,"the FpML business center code for Auckland, New Zealand"
"the FpML business center code for Fredericton, Canada",Entity,"the FpML business center code for Fredericton, Canada"
Tel Aviv,Entity,Tel Aviv
Santa Fe,Entity,Santa Fe
Ekaterinburg,Entity,Ekaterinburg
FaroeIslands,Entity,FaroeIslands
the international business center of Bridgetown,Entity,the international business center of Bridgetown
Warsaw,Entity,Warsaw
Mexico_City,Entity,Mexico_City
DEST,Entity,DEST
 version of this ontology was modified to add municipalities required for the ISO revision to the MIC codes as of March 2022.,Entity, version of this ontology was modified to add municipalities required for the ISO revision to the MIC codes as of March 2022.
Kansas City,Entity,Kansas City
Seychelles,Entity,Seychelles
"This ontology includes individuals representing the set of international business centers corresponding to those identified in FpML as well as additional municipalities called out in the ISO 10383 Codes for exchanges and market identification (MIC) standard.
		This set of business centers is current with respect to the FpML published XML data as of Q2 2023 and additional municipalities included in the MIC codes as of Q1 2024. Note that we have deviated from the standard FIBO naming convention of strict use of camel case to add underscores in certain city names for readability purposes.",Entity,"This ontology includes individuals representing the set of international business centers corresponding to those identified in FpML as well as additional municipalities called out in the ISO 10383 Codes for exchanges and market identification (MIC) standard.
		This set of business centers is current with respect to the FpML published XML data as of Q2 2023 and additional municipalities included in the MIC codes as of Q1 2024. Note that we have deviated from the standard FIBO naming convention of strict use of camel case to add underscores in certain city names for readability purposes."
the international business center of Teheran,Entity,the international business center of Teheran
the international business center of Casablanca,Entity,the international business center of Casablanca
"the FpML business center code for Milan, Italy",Entity,"the FpML business center code for Milan, Italy"
VietNam,Entity,VietNam
CNBE,Entity,CNBE
Libya,Entity,Libya
Baku,Entity,Baku
Kharkov,Entity,Kharkov
DEMA,Entity,DEMA
IDJA,Entity,IDJA
Dar es Salaam,Entity,Dar es Salaam
Canada,Entity,Canada
USBO,Entity,USBO
Slovakia,Entity,Slovakia
Cairo,Entity,Cairo
"the FpML business center code for Kathmandu, Nepal",Entity,"the FpML business center code for Kathmandu, Nepal"
ITRO,Entity,ITRO
Luanda,Entity,Luanda
BusinessCenterCode,Entity,BusinessCenterCode
the international business center of Tallinn,Entity,the international business center of Tallinn
SaintKittsAndNevis,Entity,SaintKittsAndNevis
"the FpML business center code for Riyadh, Saudi Arabia",Entity,"the FpML business center code for Riyadh, Saudi Arabia"
Kolkata,Entity,Kolkata
Jakarta,Entity,Jakarta
Manama,Entity,Manama
"the FpML business center code for Yaounde, Cameroon",Entity,"the FpML business center code for Yaounde, Cameroon"
Business Centers Individuals,Entity,Business Centers Individuals
Botswana,Entity,Botswana
CAWI,Entity,CAWI
Sweden,Entity,Sweden
Kigali,Entity,Kigali
"the FpML business center code for Boston, Massachusetts, United States",Entity,"the FpML business center code for Boston, Massachusetts, United States"
CIAB,Entity,CIAB
PapuaNewGuinea,Entity,PapuaNewGuinea
Denmark,Entity,Denmark
GGSP,Entity,GGSP
Singapore,Entity,Singapore
the international business center of Cologne,Entity,the international business center of Cologne
Monaco,Entity,Monaco
Jersey City,Entity,Jersey City
the international business center of Zagreb,Entity,the international business center of Zagreb
KENA,Entity,KENA
the international business center of Milan,Entity,the international business center of Milan
Nairobi,Entity,Nairobi
the international business center of Seattle,Entity,the international business center of Seattle
USWT,Entity,USWT
Guildford,Entity,Guildford
Bolivia,Entity,Bolivia
ILJE,Entity,ILJE
Perth,Entity,Perth
"the FpML business center code for Tel Aviv, Israel",Entity,"the FpML business center code for Tel Aviv, Israel"
"the FpML business center code for Guatemala City, Guatemala",Entity,"the FpML business center code for Guatemala City, Guatemala"
the international business center of Minsk,Entity,the international business center of Minsk
Athens,Entity,Athens
KoreaRepublicOf,Entity,KoreaRepublicOf
Philippines,Entity,Philippines
"the FpML business center code for Chennai, India",Entity,"the FpML business center code for Chennai, India"
North_Bergen,Entity,North_Bergen
Macao,Entity,Macao
the international business center of Singapore,Entity,the international business center of Singapore
NewYorkFederalReserveBusinessDay,Entity,NewYorkFederalReserveBusinessDay
MXMC,Entity,MXMC
SVSS,Entity,SVSS
Hong_Kong,Entity,Hong_Kong
Mount_Pleasant,Entity,Mount_Pleasant
Bradford,Entity,Bradford
NLRO,Entity,NLRO
RUMO,Entity,RUMO
,Entity,
Dakar,Entity,Dakar
Mozambique,Entity,Mozambique
Luxembourg,Entity,Luxembourg
Minneapolis,Entity,Minneapolis
Aichi,Entity,Aichi
DECO,Entity,DECO
"the FpML business center code for Aden, Yemen",Entity,"the FpML business center code for Aden, Yemen"
"the FpML business center code for Geneva, Switzerland",Entity,"the FpML business center code for Geneva, Switzerland"
Estonia,Entity,Estonia
Hamburg,Entity,Hamburg
USMN,Entity,USMN
Triesen,Entity,Triesen
Santa_Fe,Entity,Santa_Fe
Ho_Chi_Minh__formerly_Saigon_,Entity,Ho_Chi_Minh__formerly_Saigon_
the international business center of Charlotte,Entity,the international business center of Charlotte
Glenview,Entity,Glenview
GHAC,Entity,GHAC
Banja Luka,Entity,Banja Luka
Austria,Entity,Austria
USDT,Entity,USDT
YEAD,Entity,YEAD
BusinessDayAdjustmentCode,Entity,BusinessDayAdjustmentCode
Ho Chi Minh City,Entity,Ho Chi Minh City
"the FpML business center code for Denver, United States",Entity,"the FpML business center code for Denver, United States"
Sacramento,Entity,Sacramento
MVMA,Entity,MVMA
Istanbul,Entity,Istanbul
Banja_Luka,Entity,Banja_Luka
Uzbekistan,Entity,Uzbekistan
Road Town,Entity,Road Town
ECGU,Entity,ECGU
"the FpML business center code for Lima, Peru",Entity,"the FpML business center code for Lima, Peru"
"the FpML business center code for Muscat, Oman",Entity,"the FpML business center code for Muscat, Oman"
the international business center of George Town,Entity,the international business center of George Town
the international business center of Caracas,Entity,the international business center of Caracas
"the FpML business center code for Bandar Seri Begawan, Brunei",Entity,"the FpML business center code for Bandar Seri Begawan, Brunei"
Blantyre,Entity,Blantyre
Nasau,Entity,Nasau
the international business center of Kiev,Entity,the international business center of Kiev
San_Juan,Entity,San_Juan
Aden,Entity,Aden
San_Francisco,Entity,San_Francisco
Turin,Entity,Turin
the business day adjustment convention for the ESAS Settlement Day (as defined in 2006 ISDA Definitions Section 7.1 and Supplement Number 15 to the 2000 ISDA Definitions),Entity,the business day adjustment convention for the ESAS Settlement Day (as defined in 2006 ISDA Definitions Section 7.1 and Supplement Number 15 to the 2000 ISDA Definitions)
Lithuania,Entity,Lithuania
"the FpML business center code for Port Louis, Mauritius",Entity,"the FpML business center code for Port Louis, Mauritius"
CWWI,Entity,CWWI
Red Bank,Entity,Red Bank
"the FpML business center code for Zurich, Switzerland",Entity,"the FpML business center code for Zurich, Switzerland"
CACL,Entity,CACL
the international business center of New York,Entity,the international business center of New York
Doha,Entity,Doha
" version of this ontology was modified to add municipalities required for the ISO revision to the MIC codes as of June 2020, replace the relations hasTag property with the equivalent lcc-lr version, and replace skos:definition on reference individuals with dct:description.",Entity," version of this ontology was modified to add municipalities required for the ISO revision to the MIC codes as of June 2020, replace the relations hasTag property with the equivalent lcc-lr version, and replace skos:definition on reference individuals with dct:description."
EETA,Entity,EETA
LKCO,Entity,LKCO
the international business center of Moscow,Entity,the international business center of Moscow
NGAB,Entity,NGAB
New York Stock Exchange Business Day,Entity,New York Stock Exchange Business Day
DKCO,Entity,DKCO
BWGA,Entity,BWGA
Varazdin,Entity,Varazdin
DEHA,Entity,DEHA
Kiel,Entity,Kiel
the international business center of Nairobi,Entity,the international business center of Nairobi
Maputo,Entity,Maputo
Guayaquil,Entity,Guayaquil
the international business center of Mobile,Entity,the international business center of Mobile
Florence,Entity,Florence
AMYE,Entity,AMYE
DEDU,Entity,DEDU
Greenwich,Entity,Greenwich
Silkeborg,Entity,Silkeborg
JESH,Entity,JESH
CLSA,Entity,CLSA
India,Entity,India
the international business center of Darwin,Entity,the international business center of Darwin
Regensburg,Entity,Regensburg
Germany,Entity,Germany
Kathmandu,Entity,Kathmandu
Guatemala City,Entity,Guatemala City
Zambia,Entity,Zambia
Nablus,Entity,Nablus
USCH,Entity,USCH
Milton Keynes,Entity,Milton Keynes
"the FpML business center code for Hamilton, Bermuda",Entity,"the FpML business center code for Hamilton, Bermuda"
FRPA,Entity,FRPA
DEMU,Entity,DEMU
the international business center of Bangalore,Entity,the international business center of Bangalore
Cameroon,Entity,Cameroon
"the FpML business center code for New Delhi, India",Entity,"the FpML business center code for New Delhi, India"
owl#Ontology,Entity,owl#Ontology
"the FpML business center code for Teheran, Iran",Entity,"the FpML business center code for Teheran, Iran"
San_Carlos,Entity,San_Carlos
St. Albans,Entity,St. Albans
"the FpML business center code for Bangalore, India",Entity,"the FpML business center code for Bangalore, India"
NZWE,Entity,NZWE
the international business center of Ahmedabad,Entity,the international business center of Ahmedabad
Surabaya,Entity,Surabaya
the international business center of Brussels,Entity,the international business center of Brussels
BrazilBusinessDay,Entity,BrazilBusinessDay
NewYorkStockExchangeBusinessDay,Entity,NewYorkStockExchangeBusinessDay
Maringa,Entity,Maringa
Hungary,Entity,Hungary
Gibraltar,Entity,Gibraltar
Sofia,Entity,Sofia
Gaborone,Entity,Gaborone
the international business center of Dusseldorf,Entity,the international business center of Dusseldorf
Iran,Entity,Iran
Moldova,Entity,Moldova
the international business center of Ljubljana,Entity,the international business center of Ljubljana
"the FpML business center code for Sao Paulo, Brazil",Entity,"the FpML business center code for Sao Paulo, Brazil"
Egypt,Entity,Egypt
the FpML business center code for ESAS Settlement Day (as defined in 2006 ISDA Definitions Section 7.1 and Supplement Number 15 to the 2000 ISDA Definitions),Entity,the FpML business center code for ESAS Settlement Day (as defined in 2006 ISDA Definitions Section 7.1 and Supplement Number 15 to the 2000 ISDA Definitions)
DEHH,Entity,DEHH
Namibia,Entity,Namibia
China,Entity,China
Vancouver,Entity,Vancouver
Barcelona,Entity,Barcelona
"the FpML business center code for Oslo, Norway",Entity,"the FpML business center code for Oslo, Norway"
the international business center of Tegucigalpa,Entity,the international business center of Tegucigalpa
Palestine,Entity,Palestine
Great_Neck,Entity,Great_Neck
Izmir,Entity,Izmir
GUGC,Entity,GUGC
"the FpML business center code for Bratislava, Slovakia",Entity,"the FpML business center code for Bratislava, Slovakia"
Abu_Dhabi,Entity,Abu_Dhabi
ETAA,Entity,ETAA
"the FpML business center code for Ulan Bator, Mongolia",Entity,"the FpML business center code for Ulan Bator, Mongolia"
the international business center of Saint Peter Port,Entity,the international business center of Saint Peter Port
IRTE,Entity,IRTE
Esch-sur-alzette,Entity,Esch-sur-alzette
"the FpML business center code for La Paz, Bolivia",Entity,"the FpML business center code for La Paz, Bolivia"
AntiguaAndBarbuda,Entity,AntiguaAndBarbuda
"the FpML business center code for Sacramento, California, United States",Entity,"the FpML business center code for Sacramento, California, United States"
PAPC,Entity,PAPC
the international business center of Tokyo,Entity,the international business center of Tokyo
the international business center of Kingston,Entity,the international business center of Kingston
"the FpML business center code for Munich, Germany",Entity,"the FpML business center code for Munich, Germany"
"the FpML business center code for Lisbon, Portugal",Entity,"the FpML business center code for Lisbon, Portugal"
"the FpML business center code for Darwin, Australia",Entity,"the FpML business center code for Darwin, Australia"
ESASSettlementDay,Entity,ESASSettlementDay
Munich,Entity,Munich
the international business center of Abha,Entity,the international business center of Abha
the international business center of Leipzig,Entity,the international business center of Leipzig
Oman,Entity,Oman
George Town,Entity,George Town
the international business center of Bogota,Entity,the international business center of Bogota
the international business center of Sacramento,Entity,the international business center of Sacramento
the international business center of Harare,Entity,the international business center of Harare
Rodgau,Entity,Rodgau
the international business center of Paris,Entity,the international business center of Paris
Calgary,Entity,Calgary
Argentina,Entity,Argentina
Yerevan,Entity,Yerevan
the international business center of Warsaw,Entity,the international business center of Warsaw
Port Louis,Entity,Port Louis
the business day adjustment convention for Abu Dhabi,Entity,the business day adjustment convention for Abu Dhabi
Abha,Entity,Abha
Senegal,Entity,Senegal
"the FpML business center code for Montreal, Canada",Entity,"the FpML business center code for Montreal, Canada"
Turkey,Entity,Turkey
the international business center of Macau,Entity,the international business center of Macau
the international business center of Algiers,Entity,the international business center of Algiers
TRAN,Entity,TRAN
La_Paz,Entity,La_Paz
"the FpML business center code for Monaco, Monaco",Entity,"the FpML business center code for Monaco, Monaco"
Bridgetown,Entity,Bridgetown
"the FpML business center code for Stuttgart, Germany",Entity,"the FpML business center code for Stuttgart, Germany"
INAH,Entity,INAH
KHPP,Entity,KHPP
NLAM,Entity,NLAM
El_Salvador,Entity,El_Salvador
Washington_New_York,Entity,Washington_New_York
Tirana,Entity,Tirana
"the FpML business center code for Montevideo, Uruguay",Entity,"the FpML business center code for Montevideo, Uruguay"
"the FpML business center code for Reykjavik, Iceland",Entity,"the FpML business center code for Reykjavik, Iceland"
NAWI,Entity,NAWI
Gambia,Entity,Gambia
"the FpML business center code for Madrid, Spain",Entity,"the FpML business center code for Madrid, Spain"
Adelaide,Entity,Adelaide
SaudiArabia,Entity,SaudiArabia
Lahore,Entity,Lahore
"the FpML business center code for Abha, Saudi Arabia",Entity,"the FpML business center code for Abha, Saudi Arabia"
"the FpML business center code for Freetown, Sierra Leone",Entity,"the FpML business center code for Freetown, Sierra Leone"
Nicosia,Entity,Nicosia
"the FpML business center code for Abu Dhabi, Business Day (as defined in 2021 ISDA Definitions Section 2.1.9 (ii))",Entity,"the FpML business center code for Abu Dhabi, Business Day (as defined in 2021 ISDA Definitions Section 2.1.9 (ii))"
the international business center of Abidjan,Entity,the international business center of Abidjan
DEFR,Entity,DEFR
"the FpML business center code for Rio de Janeiro, Brazil",Entity,"the FpML business center code for Rio de Janeiro, Brazil"
TTPS,Entity,TTPS
Romania,Entity,Romania
Budapest,Entity,Budapest
ZMLU,Entity,ZMLU
the international business center of Rabat,Entity,the international business center of Rabat
Khartoum,Entity,Khartoum
the international business center of Sydney,Entity,the international business center of Sydney
Freetown,Entity,Freetown
Belarus,Entity,Belarus
Nepal,Entity,Nepal
Paris,Entity,Paris
the international business center of Lisbon,Entity,the international business center of Lisbon
Dodoma,Entity,Dodoma
the international business center of Yaounde,Entity,the international business center of Yaounde
Salzburg,Entity,Salzburg
AUBR,Entity,AUBR
INKO,Entity,INKO
TRIS,Entity,TRIS
Cambodia,Entity,Cambodia
"the FpML business center code for Lusaka, Zambia",Entity,"the FpML business center code for Lusaka, Zambia"
Bandar Seri Begawan,Entity,Bandar Seri Begawan
Manila,Entity,Manila
Kuwait_City,Entity,Kuwait_City
Dnipropetrovsk,Entity,Dnipropetrovsk
St._Helier,Entity,St._Helier
Pasig_City,Entity,Pasig_City
AOLU,Entity,AOLU
Princeton,Entity,Princeton
"the FpML business center code for Rabat, Morocco",Entity,"the FpML business center code for Rabat, Morocco"
Palma_De_Mallorca,Entity,Palma_De_Mallorca
CoteDIvoire,Entity,CoteDIvoire
the international business center of Valletta,Entity,the international business center of Valletta
Pakistan,Entity,Pakistan
CAFR,Entity,CAFR
FpML Business Center Code Scheme,Entity,FpML Business Center Code Scheme
"the FpML business center code for Nicosia, Cyprus",Entity,"the FpML business center code for Nicosia, Cyprus"
Guatemala,Entity,Guatemala
Tripoli,Entity,Tripoli
LaoPeoplesDemocraticRepublic,Entity,LaoPeoplesDemocraticRepublic
Thailand,Entity,Thailand
Basel,Entity,Basel
Italy,Entity,Italy
 version of this ontology was modified to merge countries with locations in FND.,Entity, version of this ontology was modified to merge countries with locations in FND.
Chatham,Entity,Chatham
Switzerland,Entity,Switzerland
Porto,Entity,Porto
"the FpML business center code for Dublin, Ireland",Entity,"the FpML business center code for Dublin, Ireland"
the international business center of Cairo,Entity,the international business center of Cairo
USSE,Entity,USSE
Iceland,Entity,Iceland
Great Neck,Entity,Great Neck
Espirito Santo,Entity,Espirito Santo
LAVI,Entity,LAVI
Ulan Bator,Entity,Ulan Bator
"the FpML business center code for Yerevan, Armenia",Entity,"the FpML business center code for Yerevan, Armenia"
the international business center of Hannover,Entity,the international business center of Hannover
the international business center of Buenos Aires,Entity,the international business center of Buenos Aires
Valparaiso,Entity,Valparaiso
the international business center of Prague,Entity,the international business center of Prague
"the FpML business center code for Dodoma, Tanzania",Entity,"the FpML business center code for Dodoma, Tanzania"
the international business center of Montevideo,Entity,the international business center of Montevideo
Latvia,Entity,Latvia
Tanzania,Entity,Tanzania
the international business center of Auckland,Entity,the international business center of Auckland
Tunis,Entity,Tunis
Mumbai,Entity,Mumbai
" version of this ontology was modified to equate Almaty and Alma-ata, which are the same city (Alma-ata is the old name, no longer in use).",Entity," version of this ontology was modified to equate Almaty and Alma-ata, which are the same city (Alma-ata is the old name, no longer in use)."
Brazil,Entity,Brazil
DOSD,Entity,DOSD
"the FpML business center code for Male, Maldives",Entity,"the FpML business center code for Male, Maldives"
Brasilia,Entity,Brasilia
Minsk,Entity,Minsk
the international business center of Labuan,Entity,the international business center of Labuan
"the FpML business center code for Tegucigalpa, Honduras",Entity,"the FpML business center code for Tegucigalpa, Honduras"
Hradec_Kralove,Entity,Hradec_Kralove
the international business center of Rome,Entity,the international business center of Rome
"the FpML business center code for Tbilisi, Georgia",Entity,"the FpML business center code for Tbilisi, Georgia"
ZWHA,Entity,ZWHA
"the FpML business center code for San Sebastian, Spain",Entity,"the FpML business center code for San Sebastian, Spain"
the international business center of Vienna,Entity,the international business center of Vienna
Tel_Aviv,Entity,Tel_Aviv
Buenos Aires,Entity,Buenos Aires
MARA,Entity,MARA
the international business center of Ho Chi Minh (formerly Saigon),Entity,the international business center of Ho Chi Minh (formerly Saigon)
Mexico City,Entity,Mexico City
JOAM,Entity,JOAM
Summit,Entity,Summit
Rwanda,Entity,Rwanda
the international business center of Dakar,Entity,the international business center of Dakar
Horsens,Entity,Horsens
Klagenfurt Am Woerthersee,Entity,Klagenfurt Am Woerthersee
Sapporo,Entity,Sapporo
Linz,Entity,Linz
San_Jose,Entity,San_Jose
"the FpML business center code for Manama, Bahrain",Entity,"the FpML business center code for Manama, Bahrain"
the international business center of Makati,Entity,the international business center of Makati
Saint Peter Port,Entity,Saint Peter Port
PRSJ,Entity,PRSJ
"TARGET, which stands for the Trans-European Automated Real-time Gross settlement adjustment Express Transfer system, is the real-time gross settlement (RTGS) system for the euro. TARGET operating days are the settlement days for the financial markets in euro, as well as foreign exchange transactions involving the euro.",Entity,"TARGET, which stands for the Trans-European Automated Real-time Gross settlement adjustment Express Transfer system, is the real-time gross settlement (RTGS) system for the euro. TARGET operating days are the settlement days for the financial markets in euro, as well as foreign exchange transactions involving the euro."
the international business center of Yerevan,Entity,the international business center of Yerevan
CAMO,Entity,CAMO
"the FpML business center code for Banjul, Gambia",Entity,"the FpML business center code for Banjul, Gambia"
San Francisco,Entity,San Francisco
"the FpML business center code for Ahmedabad, India",Entity,"the FpML business center code for Ahmedabad, India"
the international business center of Accra,Entity,the international business center of Accra
Rome,Entity,Rome
"the FpML business center code for Leipzig, Germany",Entity,"the FpML business center code for Leipzig, Germany"
Bandar_Seri_Begawan,Entity,Bandar_Seri_Begawan
Taipei,Entity,Taipei
"the FpML business center code for Bangkok, Thailand",Entity,"the FpML business center code for Bangkok, Thailand"
the international business center of Athens,Entity,the international business center of Athens
TARGETSettlementDay,Entity,TARGETSettlementDay
Cyprus,Entity,Cyprus
Antwerpen,Entity,Antwerpen
"the FpML business center code for Budapest, Hungary",Entity,"the FpML business center code for Budapest, Hungary"
"the FpML business center code for Charlotte, North Carolina, United States",Entity,"the FpML business center code for Charlotte, North Carolina, United States"
"the FpML business center code for Casablanca, Morocco",Entity,"the FpML business center code for Casablanca, Morocco"
Auckland,Entity,Auckland
USLA,Entity,USLA
Melbourne,Entity,Melbourne
the international business center of Guatemala City,Entity,the international business center of Guatemala City
SierraLeone,Entity,SierraLeone
the international business center of Hamilton,Entity,the international business center of Hamilton
Polokwane,Entity,Polokwane
Nizhniy Novgorod,Entity,Nizhniy Novgorod
Sao_Paulo,Entity,Sao_Paulo
"the FpML business center code for Amsterdam, Netherlands",Entity,"the FpML business center code for Amsterdam, Netherlands"
the international business center of Lilongwe,Entity,the international business center of Lilongwe
"the FpML business center code for Hannover, Germany",Entity,"the FpML business center code for Hannover, Germany"
Portland,Entity,Portland
HRZA,Entity,HRZA
San_Sebastian,Entity,San_Sebastian
"the FpML business center code for Nairobi, Kenya",Entity,"the FpML business center code for Nairobi, Kenya"
Addis Ababa,Entity,Addis Ababa
BOLP,Entity,BOLP
"the FpML business center code for Helsinki, Finland",Entity,"the FpML business center code for Helsinki, Finland"
"the FpML business center code for Riga, Latvia",Entity,"the FpML business center code for Riga, Latvia"
the international business center of Fredericton,Entity,the international business center of Fredericton
"the FpML business center code for Paris, France",Entity,"the FpML business center code for Paris, France"
"the FpML business center code for Kolkata, India",Entity,"the FpML business center code for Kolkata, India"
"the FpML business center code for Washington, District of Columbia, United States",Entity,"the FpML business center code for Washington, District of Columbia, United States"
"the FpML business center code for Addis Ababa, Ethiopia",Entity,"the FpML business center code for Addis Ababa, Ethiopia"
AUME,Entity,AUME
Eswatini,Entity,Eswatini
ESAS is the Reserve Bank of New Zealand's Exchange Settlement Account System which is used by banks and other approved financial institutions to settle their obligations on a Real-Time Gross Settlement (RTGS) basis.,Entity,ESAS is the Reserve Bank of New Zealand's Exchange Settlement Account System which is used by banks and other approved financial institutions to settle their obligations on a Real-Time Gross Settlement (RTGS) basis.
 version of this ontology was modified to add municipalities required for the ISO revision to the MIC codes as of March 2021.,Entity, version of this ontology was modified to add municipalities required for the ISO revision to the MIC codes as of March 2021.
CYNI,Entity,CYNI
the international business center of Jeddah,Entity,the international business center of Jeddah
the international business center of Male,Entity,the international business center of Male
Lisbon,Entity,Lisbon
Reggio_Emilia,Entity,Reggio_Emilia
Indonesia,Entity,Indonesia
Angola,Entity,Angola
"the FpML business center code for Rome, Italy",Entity,"the FpML business center code for Rome, Italy"
BusinessCentersIndividuals.rdf version of this ontology was modified to update the business centers per the latest revision of the municipalities per the June 2024 ISO 10383 MIC code update from ISO.,Entity,BusinessCentersIndividuals.rdf version of this ontology was modified to update the business centers per the latest revision of the municipalities per the June 2024 ISO 10383 MIC code update from ISO.
Indore Madhya Pradesh,Entity,Indore Madhya Pradesh
 version of this ontology was modified to support revisions of the MIC codes as of December 2018.,Entity, version of this ontology was modified to support revisions of the MIC codes as of December 2018.
AUCA,Entity,AUCA
Kenya,Entity,Kenya
Aabenraa,Entity,Aabenraa
Johannesburg,Entity,Johannesburg
Rostov,Entity,Rostov
Panama City,Entity,Panama City
the international business center of Tunis,Entity,the international business center of Tunis
San Juan,Entity,San Juan
BruneiDarussalam,Entity,BruneiDarussalam
Belgrade,Entity,Belgrade
the international business center of Montreal,Entity,the international business center of Montreal
MYLA,Entity,MYLA
Conakry,Entity,Conakry
the international business center of Sofia,Entity,the international business center of Sofia
the international business center of Almaty,Entity,the international business center of Almaty
Boca_Raton,Entity,Boca_Raton
USSF,Entity,USSF
"the FpML business center code for Beijing, China",Entity,"the FpML business center code for Beijing, China"
CNSH,Entity,CNSH
"the FpML business center code for Johannesburg, South Africa",Entity,"the FpML business center code for Johannesburg, South Africa"
the international business center of Jakarta,Entity,the international business center of Jakarta
the international business center of Vancouver,Entity,the international business center of Vancouver
the international business center of Dar es Salaam,Entity,the international business center of Dar es Salaam
Yemen,Entity,Yemen
"the FpML business center code for Singapore, Singapore",Entity,"the FpML business center code for Singapore, Singapore"
"the FpML business center code for Bridgetown, Barbados",Entity,"the FpML business center code for Bridgetown, Barbados"
"the FpML business center code for Basel, Switzerland",Entity,"the FpML business center code for Basel, Switzerland"
 version of this ontology was modified to add municipalities required for the ISO revision to the MIC codes as of June 2022.,Entity, version of this ontology was modified to add municipalities required for the ISO revision to the MIC codes as of June 2022.
Czechia,Entity,Czechia
the international business center of San Jose,Entity,the international business center of San Jose
Lane Cove,Entity,Lane Cove
Split,Entity,Split
"the FpML business center code for Road Town, Virgin Islands (British)",Entity,"the FpML business center code for Road Town, Virgin Islands (British)"
TZDO,Entity,TZDO
ESSS,Entity,ESSS
Shanghai,Entity,Shanghai
BusinessCenter,Entity,BusinessCenter
Bahamas,Entity,Bahamas
the international business center of Banjul,Entity,the international business center of Banjul
Hyderabad,Entity,Hyderabad
Abu Dhabi business day,Entity,Abu Dhabi business day
Podgorica,Entity,Podgorica
Oldenburg,Entity,Oldenburg
Boston,Entity,Boston
RSBE,Entity,RSBE
Shenzhen,Entity,Shenzhen
INHY,Entity,INHY
Zagreb,Entity,Zagreb
"the FpML business center code for Portland, Oregon, United States",Entity,"the FpML business center code for Portland, Oregon, United States"
"the FpML business center code for Amman, Jordan",Entity,"the FpML business center code for Amman, Jordan"
Valencia,Entity,Valencia
Muscat,Entity,Muscat
Zurich,Entity,Zurich
Chiyoda-ku,Entity,Chiyoda-ku
HNTE,Entity,HNTE
Nigeria,Entity,Nigeria
AZBA,Entity,AZBA
the international business center of Washington,Entity,the international business center of Washington
"the FpML business center code for Vancouver, Canada",Entity,"the FpML business center code for Vancouver, Canada"
the international business center of Conakry,Entity,the international business center of Conakry
"the FpML business center code for Windhoek, Namibia",Entity,"the FpML business center code for Windhoek, Namibia"
Seoul,Entity,Seoul
"the FpML business center code for Baku, Azerbaijan",Entity,"the FpML business center code for Baku, Azerbaijan"
the international business center of Wichita,Entity,the international business center of Wichita
Brisbane,Entity,Brisbane
the international business center of New Delhi,Entity,the international business center of New Delhi
the international business center of Seoul,Entity,the international business center of Seoul
"the FpML business center code for Ottawa, Canada",Entity,"the FpML business center code for Ottawa, Canada"
Montenegro,Entity,Montenegro
"the FpML business center code for Karachi, Pakistan",Entity,"the FpML business center code for Karachi, Pakistan"
the international business center of Taipei,Entity,the international business center of Taipei
Mainz,Entity,Mainz
The Hague,Entity,The Hague
the international business center of Windhoek,Entity,the international business center of Windhoek
the international business center of Reykjavik,Entity,the international business center of Reykjavik
the international business center of Beirut,Entity,the international business center of Beirut
MOMA,Entity,MOMA
Bryanston_Sandton,Entity,Bryanston_Sandton
the international business center of La Paz,Entity,the international business center of La Paz
"the FpML business center code for Lilongwe, Malawi",Entity,"the FpML business center code for Lilongwe, Malawi"
CAVA,Entity,CAVA
the international business center of Copenhagen,Entity,the international business center of Copenhagen
Wellington,Entity,Wellington
INBA,Entity,INBA
"the FpML business center code for Dhaka, Bangladesh",Entity,"the FpML business center code for Dhaka, Bangladesh"
Reykjavik,Entity,Reykjavik
Wichita,Entity,Wichita
North Bergen,Entity,North Bergen
St. John,Entity,St. John
Los Angeles,Entity,Los Angeles
the international business center of Willemstad,Entity,the international business center of Willemstad
"the FpML business center code for Santiago, Chile",Entity,"the FpML business center code for Santiago, Chile"
the international business center of Edinburgh,Entity,the international business center of Edinburgh
Winter_Park,Entity,Winter_Park
SLFR,Entity,SLFR
AUAD,Entity,AUAD
The_Woodlands,Entity,The_Woodlands
Ireland,Entity,Ireland
UYMO,Entity,UYMO
"the FpML business center code for Doha, Qatar",Entity,"the FpML business center code for Doha, Qatar"
Detroit,Entity,Detroit
Hiroshima,Entity,Hiroshima
"the FpML business center code for Athens, Greece",Entity,"the FpML business center code for Athens, Greece"
AbuDhabiSettlementDay,Entity,AbuDhabiSettlementDay
"the FpML business center code for Copenhagen, Denmark",Entity,"the FpML business center code for Copenhagen, Denmark"
USNY,Entity,USNY
INMU,Entity,INMU
Larnaca,Entity,Larnaca
the international business center of Hamburg,Entity,the international business center of Hamburg
San Jose,Entity,San Jose
Victoria Falls,Entity,Victoria Falls
the international business center of Colombo,Entity,the international business center of Colombo
Tunisia,Entity,Tunisia
Ahmedabad,Entity,Ahmedabad
"the business day adjustment convention for the Brazil Business Day. This means a business day in any of Sao Paulo, Rio de Janeiro or Brasilia not otherwise declared as a financial market holiday by the Bolsa de Mercadorias & Futuros (BM&F)",Entity,"the business day adjustment convention for the Brazil Business Day. This means a business day in any of Sao Paulo, Rio de Janeiro or Brasilia not otherwise declared as a financial market holiday by the Bolsa de Mercadorias & Futuros (BM&F)"
Kuala_Lumpur,Entity,Kuala_Lumpur
Milton_Keynes,Entity,Milton_Keynes
Stamford,Entity,Stamford
INND,Entity,INND
SARI,Entity,SARI
Limassol,Entity,Limassol
Geneva,Entity,Geneva
HKHK,Entity,HKHK
"the FpML business center code for Kuwait City, Kuwait",Entity,"the FpML business center code for Kuwait City, Kuwait"
Berlin,Entity,Berlin
"the FpML business center code for Chicago, United States",Entity,"the FpML business center code for Chicago, United States"
Kansas_City,Entity,Kansas_City
El Salvador,Entity,El Salvador
"the FpML business center code for Beirut, Lebanon",Entity,"the FpML business center code for Beirut, Lebanon"
MWLI,Entity,MWLI
the international business center of Kampala,Entity,the international business center of Kampala
Denver,Entity,Denver
Islamabad,Entity,Islamabad
Firenze,Entity,Firenze
SAJE,Entity,SAJE
business-center,Entity,business-center
Copenhagen,Entity,Copenhagen
" version of this ontology was modified to replace Swaziland with Eswatini, which was revised by the LCC 1.1 RTF to reflect the change to the country name per the U.N.",Entity," version of this ontology was modified to replace Swaziland with Eswatini, which was revised by the LCC 1.1 RTF to reflect the change to the country name per the U.N."
Biella,Entity,Biella
"the FpML business center code for Honolulu, Hawaii, United States",Entity,"the FpML business center code for Honolulu, Hawaii, United States"
the international business center of Canberra,Entity,the international business center of Canberra
"the FpML business center code for Conakry, Guinea",Entity,"the FpML business center code for Conakry, Guinea"
"the FpML business center code for Hong Kong, Hong Kong",Entity,"the FpML business center code for Hong Kong, Hong Kong"
the international business center of Denver,Entity,the international business center of Denver
Bahrain,Entity,Bahrain
Mendoza,Entity,Mendoza
the international business center of Mumbai,Entity,the international business center of Mumbai
Randers,Entity,Randers
 version of this ontology was modified to address text formatting issues uncovered by hygiene testing.,Entity, version of this ontology was modified to address text formatting issues uncovered by hygiene testing.
the international business center of Belgrade,Entity,the international business center of Belgrade
Stuttgart,Entity,Stuttgart
the international business center of Mainz,Entity,the international business center of Mainz
DominicanRepublic,Entity,DominicanRepublic
RussianFederation,Entity,RussianFederation
PHMA,Entity,PHMA
the international business center of San Juan,Entity,the international business center of San Juan
Makati_City,Entity,Makati_City
Fredericton,Entity,Fredericton
the international business center of Riga,Entity,the international business center of Riga
NYFD,Entity,NYFD
the international business center of Bratislava,Entity,the international business center of Bratislava
Banjul,Entity,Banjul
Road_Town,Entity,Road_Town
"Washington, New York",Entity,"Washington, New York"
Male,Entity,Male
"the FpML business center code for Moscow, Russian Federation",Entity,"the FpML business center code for Moscow, Russian Federation"
CZPR,Entity,CZPR
Los_Angeles,Entity,Los_Angeles
"the FpML business center code for Panama City, Panama",Entity,"the FpML business center code for Panama City, Panama"
SILJ,Entity,SILJ
"the FpML business center code for Tunis, Tunisia",Entity,"the FpML business center code for Tunis, Tunisia"
NGLA,Entity,NGLA
Bergen,Entity,Bergen
New York,Entity,New York
UnitedArabEmirates,Entity,UnitedArabEmirates
Spain,Entity,Spain
Port_Moresby,Entity,Port_Moresby
Wroclaw,Entity,Wroclaw
the international business center of Lusaka,Entity,the international business center of Lusaka
the international business center of Chennai,Entity,the international business center of Chennai
Harare,Entity,Harare
Baghdad,Entity,Baghdad
USSA,Entity,USSA
Klagenfurt_Am_Woerthersee,Entity,Klagenfurt_Am_Woerthersee
PuertoRico,Entity,PuertoRico
"the FpML business center code for Belgrade, Serbia",Entity,"the FpML business center code for Belgrade, Serbia"
KYGE,Entity,KYGE
the international business center of Monaco,Entity,the international business center of Monaco
Basseterre,Entity,Basseterre
the FpML business center code for New York Stock Exchange Business Day (as defined in 2006 ISDA Definitions Section 1.10 and 2000 ISDA Definitions Section 1.10),Entity,the FpML business center code for New York Stock Exchange Business Day (as defined in 2006 ISDA Definitions Section 1.10 and 2000 ISDA Definitions Section 1.10)
NorthMacedonia,Entity,NorthMacedonia
Sliema,Entity,Sliema
Willemstad,Entity,Willemstad
Liechtenstein,Entity,Liechtenstein
LVRI,Entity,LVRI
PTLI,Entity,PTLI
GNCO,Entity,GNCO
"the FpML business center code for Accra, Ghana",Entity,"the FpML business center code for Accra, Ghana"
Guernsey,Entity,Guernsey
Zilina,Entity,Zilina
Ankara,Entity,Ankara
Port of Spain,Entity,Port of Spain
"Copyright (c) 2018-2024 EDM Council, Inc.",Entity,"Copyright (c) 2018-2024 EDM Council, Inc."
Tucuman,Entity,Tucuman
Madras,Entity,Madras
Lane_Cove,Entity,Lane_Cove
SouthAfrica,Entity,SouthAfrica
"the FpML business center code for Baghdad, Iraq",Entity,"the FpML business center code for Baghdad, Iraq"
Abuja,Entity,Abuja
the international business center of Manama,Entity,the international business center of Manama
the international business center of Maputo,Entity,the international business center of Maputo
IQBA,Entity,IQBA
the international business center of Geneva,Entity,the international business center of Geneva
BYMI,Entity,BYMI
"the FpML business center code for Bucharest, Romania",Entity,"the FpML business center code for Bucharest, Romania"
Gift City,Entity,Gift City
Bergamo,Entity,Bergamo
BNBS,Entity,BNBS
the international business center of Sao Paulo,Entity,the international business center of Sao Paulo
the international business center of Kathmandu,Entity,the international business center of Kathmandu
ITMI,Entity,ITMI
Barbados,Entity,Barbados
UnitedKingdomOfGreatBritainAndNorthernIreland,Entity,UnitedKingdomOfGreatBritainAndNorthernIreland
the international business center of Guayaquil,Entity,the international business center of Guayaquil
VGRT,Entity,VGRT
Ukraine,Entity,Ukraine
Bishkek,Entity,Bishkek
"the FpML business center code for Canberra, Australia",Entity,"the FpML business center code for Canberra, Australia"
Quito,Entity,Quito
Eschborn,Entity,Eschborn
Espirito_Santo,Entity,Espirito_Santo
Frankfurt,Entity,Frankfurt
the international business center of Madrid,Entity,the international business center of Madrid
Mount Pleasant,Entity,Mount Pleasant
Edinburgh,Entity,Edinburgh
the international business center of Santo Domingo,Entity,the international business center of Santo Domingo
Makati City,Entity,Makati City
the international business center of Frankfurt,Entity,the international business center of Frankfurt
the international business center of Nassau,Entity,the international business center of Nassau
"the FpML business center code for Valletta, Malta",Entity,"the FpML business center code for Valletta, Malta"
BusinessDayAdjustment,Entity,BusinessDayAdjustment
Bilbao,Entity,Bilbao
"the FpML business center code for Seattle, United States",Entity,"the FpML business center code for Seattle, United States"
the international business center of Rio de Janeiro,Entity,the international business center of Rio de Janeiro
"the FpML business center code for Macau, Macao",Entity,"the FpML business center code for Macau, Macao"
"the FpML business center code for Warsaw, Poland",Entity,"the FpML business center code for Warsaw, Poland"
JMKI,Entity,JMKI
the international business center of Kuwait City,Entity,the international business center of Kuwait City
Beijing,Entity,Beijing
the international business center of Turin,Entity,the international business center of Turin
CRSJ,Entity,CRSJ
the international business center of Dublin,Entity,the international business center of Dublin
Jeddah,Entity,Jeddah
New_York,Entity,New_York
Ecuador,Entity,Ecuador
"the FpML business center code for Harare, Zimbabwe",Entity,"the FpML business center code for Harare, Zimbabwe"
the international business center of Port of Spain,Entity,the international business center of Port of Spain
GMBA,Entity,GMBA
"the FpML business center code for Bogota, Colombia",Entity,"the FpML business center code for Bogota, Colombia"
Corrientes,Entity,Corrientes
KZAL,Entity,KZAL
DELE,Entity,DELE
Kingston,Entity,Kingston
Panama_City,Entity,Panama_City
the international business center of Boston,Entity,the international business center of Boston
GRAT,Entity,GRAT
FIHE,Entity,FIHE
Kiev,Entity,Kiev
"the FpML business center code for Mobile, Alabama, United States",Entity,"the FpML business center code for Mobile, Alabama, United States"
Albania,Entity,Albania
BSNA,Entity,BSNA
"the FpML business center code for Dar es Salaam, Tanzania",Entity,"the FpML business center code for Dar es Salaam, Tanzania"
the business day adjustment convention for the New York Fed,Entity,the business day adjustment convention for the New York Fed
the international business center of Abuja,Entity,the international business center of Abuja
VNHC,Entity,VNHC
London,Entity,London
Zaragoza,Entity,Zaragoza
Norway,Entity,Norway
MYKL,Entity,MYKL
Peru,Entity,Peru
Port_Louis,Entity,Port_Louis
New Delhi,Entity,New Delhi
"the FpML business center code for Luxembourg, Luxembourg",Entity,"the FpML business center code for Luxembourg, Luxembourg"
Vanuatu,Entity,Vanuatu
the international business center of Ulan Bator,Entity,the international business center of Ulan Bator
St_John,Entity,St_John
"the FpML business center code for Sofia, Bulgaria",Entity,"the FpML business center code for Sofia, Bulgaria"
the international business center of Luxembourg,Entity,the international business center of Luxembourg
Winnipeg,Entity,Winnipeg
the international business center of Portland,Entity,the international business center of Portland
Vladivostok,Entity,Vladivostok
the international business center of Muscat,Entity,the international business center of Muscat
TrinidadAndTobago,Entity,TrinidadAndTobago
Bangladesh,Entity,Bangladesh
the international business center of Hanoi,Entity,the international business center of Hanoi
Shimonoseki,Entity,Shimonoseki
"the FpML business center code for Caracas, Venezuela",Entity,"the FpML business center code for Caracas, Venezuela"
Sabadell,Entity,Sabadell
Qatar,Entity,Qatar
Cluj_Napoca,Entity,Cluj_Napoca
"the FpML business center code for Saint Peter Port, Guernsey",Entity,"the FpML business center code for Saint Peter Port, Guernsey"
TARGET Settlement Day,Entity,TARGET Settlement Day
"the FpML business center code for Dusseldorf, Germany",Entity,"the FpML business center code for Dusseldorf, Germany"
the international business center of Road Town,Entity,the international business center of Road Town
Jersey,Entity,Jersey
Almaty,Entity,Almaty
VirginIslandsBritish,Entity,VirginIslandsBritish
"the FpML business center code for Kiev, Ukraine",Entity,"the FpML business center code for Kiev, Ukraine"
Philadelphia,Entity,Philadelphia
Espoo,Entity,Espoo
Eden_Island,Entity,Eden_Island
Brussels,Entity,Brussels
HUBU,Entity,HUBU
Riga,Entity,Riga
San Sebastian,Entity,San Sebastian
Sea_Girt,Entity,Sea_Girt
ESAS,Entity,ESAS
Addis_Ababa,Entity,Addis_Ababa
TNTU,Entity,TNTU
San Salvador,Entity,San Salvador
Kobe,Entity,Kobe
ElSalvador,Entity,ElSalvador
Hradec Kralove,Entity,Hradec Kralove
the international business center of Oslo,Entity,the international business center of Oslo
ESAS Settlement Day,Entity,ESAS Settlement Day
Hamilton,Entity,Hamilton
the international business center of Lagos,Entity,the international business center of Lagos
the international business center of Honolulu,Entity,the international business center of Honolulu
Nicaragua,Entity,Nicaragua
CaboVerde,Entity,CaboVerde
the international business center of San Sebastian,Entity,the international business center of San Sebastian
the international business center of Chicago,Entity,the international business center of Chicago
"the FpML business center code for Turin, Italy",Entity,"the FpML business center code for Turin, Italy"
GBLO,Entity,GBLO
Saint_Peter_Port,Entity,Saint_Peter_Port
"the coding scheme used to define a set of codes for municipalities, or business centers, or business day adjustments for FpML",Entity,"the coding scheme used to define a set of codes for municipalities, or business centers, or business day adjustments for FpML"
Port_of_Spain,Entity,Port_of_Spain
the international business center of Tbilisi,Entity,the international business center of Tbilisi
Jamaica,Entity,Jamaica
Stockholm,Entity,Stockholm
the international business center of Amsterdam,Entity,the international business center of Amsterdam
San Carlos,Entity,San Carlos
Rio de Janeiro,Entity,Rio de Janeiro
the international business center of Tel Aviv,Entity,the international business center of Tel Aviv
the international business center of Houston,Entity,the international business center of Houston
 version of this ontology was modified to add municipalities required for the ISO revision to the MIC codes as of September 2019.,Entity, version of this ontology was modified to add municipalities required for the ISO revision to the MIC codes as of September 2019.
the international business center of Munich,Entity,the international business center of Munich
The_Hague,Entity,The_Hague
Copyright (c) 2018-2024 Thematix Partners LLC,Entity,Copyright (c) 2018-2024 Thematix Partners LLC
Fukuoka,Entity,Fukuoka
Panama,Entity,Panama
Palma De Mallorca,Entity,Palma De Mallorca
ILTA,Entity,ILTA
Tashkent,Entity,Tashkent
"the FpML business center code for Algiers, Algeria",Entity,"the FpML business center code for Algiers, Algeria"
"the FpML business center code for Edinburgh, Scotland",Entity,"the FpML business center code for Edinburgh, Scotland"
the international business center of Winnipeg,Entity,the international business center of Winnipeg
BRBD,Entity,BRBD
"the FpML business center code for Colombo, Sri Lanka",Entity,"the FpML business center code for Colombo, Sri Lanka"
Jordan,Entity,Jordan
New_Delhi,Entity,New_Delhi
Port Moresby,Entity,Port Moresby
Israel,Entity,Israel
Madagascar,Entity,Madagascar
the international business center of Basel,Entity,the international business center of Basel
THBA,Entity,THBA
Purchase,Entity,Purchase
UAKI,Entity,UAKI
Accra,Entity,Accra
ESBA,Entity,ESBA
Algiers,Entity,Algiers
Release,Entity,Release
the international business center of Ottawa,Entity,the international business center of Ottawa
BRRJ,Entity,BRRJ
the international business center of Detroit,Entity,the international business center of Detroit
MUPL,Entity,MUPL
Victoria_Falls,Entity,Victoria_Falls
France,Entity,France
Malta,Entity,Malta
the international business center of Mexico City,Entity,the international business center of Mexico City
Taiwan,Entity,Taiwan
the international business center of Bandar Seri Begawan,Entity,the international business center of Bandar Seri Begawan
Australia,Entity,Australia
the international business center of Phnom Penh,Entity,the international business center of Phnom Penh
the international business center of Stuttgart,Entity,the international business center of Stuttgart
Kyrgyzstan,Entity,Kyrgyzstan
Berne,Entity,Berne
the business day adjustment convention for U.S. Government Securities,Entity,the business day adjustment convention for U.S. Government Securities
SGSI,Entity,SGSI
"the FpML business center code for Jakarta, Indonesia",Entity,"the FpML business center code for Jakarta, Indonesia"
the international business center of St. Helier,Entity,the international business center of St. Helier
"the FpML business center code for Abidjan, Cote d'Ivoire",Entity,"the FpML business center code for Abidjan, Cote d'Ivoire"
the international business center of Santiago,Entity,the international business center of Santiago
"the FpML business center code for Port of Spain, Trinidad and Tobago",Entity,"the FpML business center code for Port of Spain, Trinidad and Tobago"
Victoria,Entity,Victoria
GBED,Entity,GBED
Torshavn,Entity,Torshavn
New York Federal Reserve Business Day,Entity,New York Federal Reserve Business Day
Jaen,Entity,Jaen
BDDH,Entity,BDDH
"the FpML business center code for Dubai, United Arab Emirates",Entity,"the FpML business center code for Dubai, United Arab Emirates"
AUPE,Entity,AUPE
Ebene,Entity,Ebene
Colombia,Entity,Colombia
"the FpML business center code for Phnom Penh, Cambodia",Entity,"the FpML business center code for Phnom Penh, Cambodia"
Antananarivo,Entity,Antananarivo
ATVI,Entity,ATVI
Milan,Entity,Milan
Boca Raton,Entity,Boca Raton
Guyana,Entity,Guyana
Honduras,Entity,Honduras
"the FpML business center code for Hanoi, Vietnam",Entity,"the FpML business center code for Hanoi, Vietnam"
Skopje,Entity,Skopje
MNUB,Entity,MNUB
the international business center of Istanbul,Entity,the international business center of Istanbul
"the FpML business center code for Adelaide, Australia",Entity,"the FpML business center code for Adelaide, Australia"
"the FpML business center code for Tokyo, Japan",Entity,"the FpML business center code for Tokyo, Japan"
U.S. Government Securities Business Day,Entity,U.S. Government Securities Business Day
Sao Paulo,Entity,Sao Paulo
the international business center of Luanda,Entity,the international business center of Luanda
Nigita,Entity,Nigita
 version of this ontology was modified to add municipalities required for the ISO revision to the MIC codes as of September 2021.,Entity, version of this ontology was modified to add municipalities required for the ISO revision to the MIC codes as of September 2021.
the international business center of Baghdad,Entity,the international business center of Baghdad
the international business center of Hyderabad,Entity,the international business center of Hyderabad
"the FpML business center code for Detroit, Michigan, United States",Entity,"the FpML business center code for Detroit, Michigan, United States"
Bremen,Entity,Bremen
" version of this ontology was modified to add municipalities required for the ISO revision to the MIC codes as of November 2020, and add Municipalities for 4 important Swiss financial cities.",Entity," version of this ontology was modified to add municipalities required for the ISO revision to the MIC codes as of November 2020, and add Municipalities for 4 important Swiss financial cities."
the settlement day adjustment convention for Abu Dhabi,Entity,the settlement day adjustment convention for Abu Dhabi
"the FpML business center code for Seoul, Republic of Korea",Entity,"the FpML business center code for Seoul, Republic of Korea"
DZAL,Entity,DZAL
Croatia,Entity,Croatia
Kuwait,Entity,Kuwait
Ljubljana,Entity,Ljubljana
the FpML business center code for TARGET Settlement Day,Entity,the FpML business center code for TARGET Settlement Day
USDC,Entity,USDC
George_Town,Entity,George_Town
CATO,Entity,CATO
USDN,Entity,USDN
Indore_Madhya_Pradesh,Entity,Indore_Madhya_Pradesh
Hove,Entity,Hove
Montreal,Entity,Montreal
Maldives,Entity,Maldives
Casablanca,Entity,Casablanca
Atlanta,Entity,Atlanta
"the FpML business center code for Kuala Lumpur, Malaysia",Entity,"the FpML business center code for Kuala Lumpur, Malaysia"
"the FpML business center code for Minneapolis, United States",Entity,"the FpML business center code for Minneapolis, United States"
the FpML business center code for New York Fed Business Day (as defined in 2006 ISDA Definitions Section 1.9 and 2000 ISDA Definitions Section 1.9),Entity,the FpML business center code for New York Fed Business Day (as defined in 2006 ISDA Definitions Section 1.9 and 2000 ISDA Definitions Section 1.9)
the international business center of Dubai,Entity,the international business center of Dubai
"the FpML business center code for Willemstad, Curacao",Entity,"the FpML business center code for Willemstad, Curacao"
USGovernmentSecuritiesBusinessDay,Entity,USGovernmentSecuritiesBusinessDay
Darwin,Entity,Darwin
the international business center of Shanghai,Entity,the international business center of Shanghai
"the FpML business center code for Brisbane, Australia",Entity,"the FpML business center code for Brisbane, Australia"
Leuven,Entity,Leuven
Sarajevo,Entity,Sarajevo
VNHA,Entity,VNHA
Ulan_Bator,Entity,Ulan_Bator
Mauritius,Entity,Mauritius
San Pedro Sula,Entity,San Pedro Sula
Guinea,Entity,Guinea
NZAU,Entity,NZAU
Damascus,Entity,Damascus
Guaynabo,Entity,Guaynabo
the international business center of Doha,Entity,the international business center of Doha
Fiji,Entity,Fiji
Chisinau,Entity,Chisinau
Zhengzhou,Entity,Zhengzhou
Santiago,Entity,Santiago
Brazil Business Day,Entity,Brazil Business Day
EGCA,Entity,EGCA
SNDA,Entity,SNDA
BusinessCentersIndividuals.rdf version of the ontology was modified to use the Commons Ontology Library (Commons) Annotation Vocabulary rather than the OMG's Specification Metadata vocabulary.,Entity,BusinessCentersIndividuals.rdf version of the ontology was modified to use the Commons Ontology Library (Commons) Annotation Vocabulary rather than the OMG's Specification Metadata vocabulary.
MTVA,Entity,MTVA
"the FpML business center code for Dakar, Senegal",Entity,"the FpML business center code for Dakar, Senegal"
Moorpark,Entity,Moorpark
ESMA,Entity,ESMA
Cordoba,Entity,Cordoba
Rio_de_Janeiro,Entity,Rio_de_Janeiro
"the FpML business center code for San Jose, Costa Rica",Entity,"the FpML business center code for San Jose, Costa Rica"
"the FpML business center code for Melbourne, Australia",Entity,"the FpML business center code for Melbourne, Australia"
the international business center of Melbourne,Entity,the international business center of Melbourne
Narberth,Entity,Narberth
Valletta,Entity,Valletta
EUTA,Entity,EUTA
owl#NamedIndividual,Entity,owl#NamedIndividual
the international business center of Budapest,Entity,the international business center of Budapest
"the FpML business center code for Frankfurt, Germany",Entity,"the FpML business center code for Frankfurt, Germany"
NPKA,Entity,NPKA
the international business center of Calgary,Entity,the international business center of Calgary
KWKC,Entity,KWKC
 version of this ontology was modified to add a number of new municipalities that were included in the December 2022 MIC codes.,Entity, version of this ontology was modified to add a number of new municipalities that were included in the December 2022 MIC codes.
"the FpML business center code for Prague, Czech Republic",Entity,"the FpML business center code for Prague, Czech Republic"
Rotterdam,Entity,Rotterdam
Red_Bank,Entity,Red_Bank
PHMK,Entity,PHMK
AUDA,Entity,AUDA
MIT,Entity,MIT
Beirut,Entity,Beirut
Venezuela,Entity,Venezuela
BusinessCentersIndividuals.rdf version of this ontology was modified to update the business centers per the latest revision of the municipalities per the March 2024 ISO 10383 MIC code update from ISO.,Entity,BusinessCentersIndividuals.rdf version of this ontology was modified to update the business centers per the latest revision of the municipalities per the March 2024 ISO 10383 MIC code update from ISO.
Washington,Entity,Washington
Newcastle,Entity,Newcastle
Phoenix,Entity,Phoenix
the international business center of Tashkent,Entity,the international business center of Tashkent
"the FpML business center code for Rotterdam, Netherlands",Entity,"the FpML business center code for Rotterdam, Netherlands"
Odessa,Entity,Odessa
Netherlands,Entity,Netherlands
SyrianArabRepublic,Entity,SyrianArabRepublic
Lima,Entity,Lima
the international business center of Addis Ababa,Entity,the international business center of Addis Ababa
"the FpML business center code for Abu Dhabi, Settlement Day (as defined in 2021 ISDA Definitions Section 2.1.9 (i))",Entity,"the FpML business center code for Abu Dhabi, Settlement Day (as defined in 2021 ISDA Definitions Section 2.1.9 (i))"
ARBA,Entity,ARBA
Santander,Entity,Santander
ZAJO,Entity,ZAJO
Phnom_Penh,Entity,Phnom_Penh
"the FpML business center code for Ho Chi Minh (formerly Saigon), Vietnam",Entity,"the FpML business center code for Ho Chi Minh (formerly Saigon), Vietnam"
the international business center of Hong Kong,Entity,the international business center of Hong Kong
San_Salvador,Entity,San_Salvador
the international business center of Adelaide,Entity,the international business center of Adelaide
St_Albans,Entity,St_Albans
the international business center of Brisbane,Entity,the international business center of Brisbane
the international business center of Amman,Entity,the international business center of Amman
CHZU,Entity,CHZU
MZMA,Entity,MZMA
Sea Girt,Entity,Sea Girt
"the FpML business center code for Luanda, Angola",Entity,"the FpML business center code for Luanda, Angola"
"the FpML business center code for Sydney, Australia",Entity,"the FpML business center code for Sydney, Australia"
Azerbaijan,Entity,Azerbaijan
Bogota,Entity,Bogota
CAOT,Entity,CAOT
the international business center of London,Entity,the international business center of London
the business day adjustment convention for the New York Stock Exchange,Entity,the business day adjustment convention for the New York Stock Exchange
"the FpML business center code for Istanbul, Turkey",Entity,"the FpML business center code for Istanbul, Turkey"
TWTA,Entity,TWTA
Vienna,Entity,Vienna
Municipality,Entity,Municipality
ISRE,Entity,ISRE
JPTO,Entity,JPTO
Lebanon,Entity,Lebanon
the international business center of Dhaka,Entity,the international business center of Dhaka
FpMLBusinessCenterCodeScheme,Entity,FpMLBusinessCenterCodeScheme
"the FpML business center code for Wichita, United States",Entity,"the FpML business center code for Wichita, United States"
SAAB,Entity,SAAB
Wuxi,Entity,Wuxi
Karachi,Entity,Karachi
Lenexa,Entity,Lenexa
"the FpML business center code for Almaty, Kazakhstan",Entity,"the FpML business center code for Almaty, Kazakhstan"
Georgetown,Entity,Georgetown
INCH,Entity,INCH
Padova,Entity,Padova
Eden Island,Entity,Eden Island
Santo_Domingo,Entity,Santo_Domingo
Nassau,Entity,Nassau
NYSE,Entity,NYSE
BusinessCenterCodeScheme,Entity,BusinessCenterCodeScheme
Pasig City,Entity,Pasig City
Kyoto,Entity,Kyoto
Calcutta,Entity,Calcutta
USHO,Entity,USHO
"the FpML business center code for Buenos Aires, Argentina",Entity,"the FpML business center code for Buenos Aires, Argentina"
Krakow,Entity,Krakow
"the FpML business center code for Nassau, Bahamas",Entity,"the FpML business center code for Nassau, Bahamas"
"the FpML business center code for Makati, Philippines",Entity,"the FpML business center code for Makati, Philippines"
Jersey_City,Entity,Jersey_City
Leipzig,Entity,Leipzig
"the FpML business center code for San Francisco, United States",Entity,"the FpML business center code for San Francisco, United States"
ITTU,Entity,ITTU
the international business center of Beijing,Entity,the international business center of Beijing
the international business center of Kuala Lumpur,Entity,the international business center of Kuala Lumpur
the international business center of Riyadh,Entity,the international business center of Riyadh
the international business center of Gaborone,Entity,the international business center of Gaborone
AbuDhabiBusinessDay,Entity,AbuDhabiBusinessDay
"the FpML business center code for Guayaquil, Ecuador",Entity,"the FpML business center code for Guayaquil, Ecuador"
the FpML business center code for Brazil Business Day,Entity,the FpML business center code for Brazil Business Day
Vaduz,Entity,Vaduz
Mobile,Entity,Mobile
Nyon,Entity,Nyon
Slovenia,Entity,Slovenia
"the FpML business center code for Jerusalem, Israel",Entity,"the FpML business center code for Jerusalem, Israel"
Rabat,Entity,Rabat
AEAD,Entity,AEAD
Toronto,Entity,Toronto
Greece,Entity,Greece
Armenia,Entity,Armenia
Canberra,Entity,Canberra
Kuwait City,Entity,Kuwait City
"the FpML business center code for Cairo, Egypt",Entity,"the FpML business center code for Cairo, Egypt"
TZDA,Entity,TZDA
"Copyright (c) 2018-2024 Object Management Group, Inc.",Entity,"Copyright (c) 2018-2024 Object Management Group, Inc."
Makati,Entity,Makati
Honolulu,Entity,Honolulu
Genova,Entity,Genova
"the FpML business center code for Minsk, Belarus",Entity,"the FpML business center code for Minsk, Belarus"
St. Helier,Entity,St. Helier
Alberta,Entity,Alberta
"the FpML business center code for Perth, Australia",Entity,"the FpML business center code for Perth, Australia"
"the FpML business center code for Gaborone, Botswana",Entity,"the FpML business center code for Gaborone, Botswana"
Praia,Entity,Praia
the international business center of Zurich,Entity,the international business center of Zurich
Iraq,Entity,Iraq
Oststeinbek,Entity,Oststeinbek
Chittagong,Entity,Chittagong
CMYA,Entity,CMYA
Colombo,Entity,Colombo
"the FpML business center code for San Juan, Puerto Rico",Entity,"the FpML business center code for San Juan, Puerto Rico"
NewZealand,Entity,NewZealand
Caracas,Entity,Caracas
the international business center of Barcelona,Entity,the international business center of Barcelona
Ottawa,Entity,Ottawa
Kampala,Entity,Kampala
"the FpML business center code for Kampala, Uganda",Entity,"the FpML business center code for Kampala, Uganda"
Amman,Entity,Amman
"the FpML business center code for Cologne, Germany",Entity,"the FpML business center code for Cologne, Germany"
SriLanka,Entity,SriLanka
the international business center of Baku,Entity,the international business center of Baku
Windhoek,Entity,Windhoek
the international business center of Karachi,Entity,the international business center of Karachi
BosniaAndHerzegovina,Entity,BosniaAndHerzegovina
Hong Kong,Entity,Hong Kong
Madrid,Entity,Madrid
Curitiba,Entity,Curitiba
Helsinki,Entity,Helsinki
Dalian,Entity,Dalian
Trondheim,Entity,Trondheim
"the FpML business center code for Hamburg, Germany",Entity,"the FpML business center code for Hamburg, Germany"
Kingstown,Entity,Kingstown
the international business center of Lima,Entity,the international business center of Lima
Lagos,Entity,Lagos
the international business center of Ankara,Entity,the international business center of Ankara
Chicago,Entity,Chicago
Saint_Petersburg,Entity,Saint_Petersburg
CostaRica,Entity,CostaRica
Nacka,Entity,Nacka
Chennai,Entity,Chennai
Tromso,Entity,Tromso
"the FpML business center code for Barcelona, Spain",Entity,"the FpML business center code for Barcelona, Spain"
Sibiu,Entity,Sibiu
LULU,Entity,LULU
The Woodlands,Entity,The Woodlands
Asuncion,Entity,Asuncion
Rosario,Entity,Rosario
